{"cameraMode":{"drawMode":0,"name":"Shaded","section":"Shading Mode"},"sceneLighting":false,"audioPlay":false,"sceneViewState":{"showFog":true,"showMaterialUpdate":false,"showSkybox":true,"showFlares":true,"showImageEffects":true,"showParticleSystems":true},"in2DMode":false,"pivot":{"x":27.342145919799806,"y":34.401588439941409,"z":-71.06192016601563},"rotation":{"x":0.05963664501905441,"y":-0.03531911224126816,"z":0.0021176624577492477,"w":0.9976038932800293},"size":1065.2962646484375,"orthographic":false}